"https://groups.drupal.org/node/393278","ACTIMAGE","",""
"https://groups.drupal.org/node/393048","Sawa World","info@sawaworld.org","http://www.sawaworld.org/)"
"https://groups.drupal.org/node/393028","Johnson County Library","","http://www.jocolibrary.org/jobs"
"https://groups.drupal.org/node/393008","Civinex","","http://hr.jurr.me/node/5"
"https://groups.drupal.org/node/392803","Gollemnet","","https://joyeriaalpormayor.com/"
"https://groups.drupal.org/node/392483","iConcerts","",""
"https://groups.drupal.org/node/392478","Sekkei Studio (Shanghai)","","http://www.sekkeistudio.com"
"https://groups.drupal.org/node/392023","please delete","","https://groups.drupal.org/www."
"https://groups.drupal.org/node/391943","QA","",""
"https://groups.drupal.org/node/390768","Activeark JWT","careers@activearkjwt.com","https://www.sympahr.net/public/pq.aspx?7561a5b8&lang=en"
"https://groups.drupal.org/node/390668","Stagnito Media","jcallanan@stagnitomedia.com",""
"https://groups.drupal.org/node/390618","MTGx","","http://annonsoversikt.monster.se/Senior-Developer-jobb-Stockholms-l%C3%A4n-Sveri..."
"https://groups.drupal.org/node/390073","Arrowhead","",""
"https://groups.drupal.org/node/389973","omniquestinternational","jiaqi.wang@omniquest.cn",""
"https://groups.drupal.org/node/389958","Realty Mogul, Co.","Justin@realtymogul.com",""
"https://groups.drupal.org/node/388803","Acquia ","","https://www.acquia.com/careers/job?gnk=apply&gni=8a699b9841edc55b0141efb4a482135..."
"https://groups.drupal.org/node/388798","Acquia","","https://www.acquia.com/careers/job?gnk=apply&gni=8a699b9841edc55b01420012c1e8158..."
"https://groups.drupal.org/node/388728","Freeform Solutions","",""
"https://groups.drupal.org/node/388723","Private- Phoenix, AZ | Private","tcasserleigh@hctec.com",""
"https://groups.drupal.org/node/388658","EMPAC / Experimental Media and Performing Arts Center at Rensselaer","","http://empac.rpi.edu"
"https://groups.drupal.org/node/388618","Harvey Nash","michelle.daly@harveynash.ie",""
"https://groups.drupal.org/node/388143","Habitat for Humanity International","","http://www.habitatjobs.org/JobDetail.asp?jid=58082"
"https://groups.drupal.org/node/387868","Stagnito Media","jcallanan@stagnitomedia.com",""
"https://groups.drupal.org/node/387463","Ripcog","bquinn@ripcog.com",""
"https://groups.drupal.org/node/387373","Private","info@infoplease.co.za",""
"https://groups.drupal.org/node/387298","Sawa World","info@sawaworld.org","http://www.sawaworld.org/)"
"https://groups.drupal.org/node/384713","The Clovis Group","Romina.nally@clovisgroup.com",""
"https://groups.drupal.org/node/384703","The Clovis Group","Romina.nally@clovisgroup.com",""
"https://groups.drupal.org/node/384678","Drupal 7 Mobile Responsive Websites","",""
"https://groups.drupal.org/node/384213","NewCo","",""
"https://groups.drupal.org/node/384083","ConSol Partners","",""
"https://groups.drupal.org/node/383838","RNN","","https://rnntv-openhire.silkroad.com/epostings/index.cfm?fuseaction=app.j..."
"https://groups.drupal.org/node/383763","RNN","","https://rnntv-openhire.silkroad.com/epostings/index.cfm?fuseaction=app.j..."
"https://groups.drupal.org/node/383743","Lorven Technologies Inc","sudhakar@lorventech.com",""
"https://groups.drupal.org/node/383643","The Gallery Partnership","","http://www.gallerypartnership.co.uk/jobs/drupal-web-developer"
"https://groups.drupal.org/node/383463","ADCI LLC ","fisher@adcillc.com","http://adcisolutions.com/"
"https://groups.drupal.org/node/383398","Miles","","http://www.milespartnership.com/careers"
"https://groups.drupal.org/node/383358","anon","",""
"https://groups.drupal.org/node/383238","Kelly IT Resources","kelb750@kellyit.com",""
"https://groups.drupal.org/node/383058","OSJ","",""
"https://groups.drupal.org/node/382978","Winona eSolutions","",""
"https://groups.drupal.org/node/382933","Tigerfish Interactive","rae@tiger-fish.com","http://www.tiger-fish.com"
"https://groups.drupal.org/node/381553","ConSol Partners","",""
"https://groups.drupal.org/node/381448","Seattle CityClub","jobs@seattlecityclub.org","http://www.seattlecityclub.org/jobs"
"https://groups.drupal.org/node/381013","South Puget Sound Community College","","http://www.spscc.ctc.edu/employment/jobs"
"https://groups.drupal.org/node/380908","Columbia University Law School","","https://jobs.columbia.edu/applicants/Central?quickFind=139282"
"https://groups.drupal.org/node/380868","University of Illinois at Urbana-Champaign","anissac@illinois.edu","https://jobs.illinois.edu"
"https://groups.drupal.org/node/380768","MySelf","",""
"https://groups.drupal.org/node/380373","ieCrowd","",""
"https://groups.drupal.org/node/380173","Bill.com","",""
"https://groups.drupal.org/node/379908","New York State Office of IT Services","HR.Recruitment@its.ny.gov",""
"https://groups.drupal.org/node/379903","GoTo Place","mark.gotoplace@gmail.com",""
"https://groups.drupal.org/node/379733","Ministry of Environment and Water, Bulgaria","","http://www.moew.government.bg/files/file/EMP-OP/EMP/Websites_hosting_BG0..."
"https://groups.drupal.org/node/379613","Sekkei Studio (Shanghai)","job@sekkeistudio.com","http://www.sekkeistudio.com"
"https://groups.drupal.org/node/379608","Sekkei Studio (Shanghai)","job@sekkeistudio.com","http://www.sekkeistudio.com"
"https://groups.drupal.org/node/379603","Sekkei Studio (Shanghai)","job@sekkeistudio.com","http://www.sekkeistudio.com"
"https://groups.drupal.org/node/377838","IT Recruiters, LLC","itrecruitersllc@gmail.com",""
"https://groups.drupal.org/node/377753","Global leaders in international education - Kensington","alextedd@computerpeople.co.uk","http://uk.linkedin.com/pub/alexander-tedd/7b/a00/806/"
"https://groups.drupal.org/node/377708","Opportunity Finance Network","resume_hr@opportunityfinance.net",""
"https://groups.drupal.org/node/377663","SoLebIch.de GmbH","","http://www.solebich.de"
"https://groups.drupal.org/node/377488","Open Select Recruitment / 0207 183 3541 / matt@osrecruit.com","matt@osrecruit.com",""
"https://groups.drupal.org/node/377353","SiteLab Interactive","","http://www.sitelab.com/Interactive_Agency_Portfolio/interactive-agency-portfolio..."
"https://groups.drupal.org/node/377303","Clinical Tools, Inc.","jobs@clinicaltools.com",""
"https://groups.drupal.org/node/376993","Winmax Systems Corporation","asingh@winmaxcorp.com",""
"https://groups.drupal.org/node/376383","Tiger Information Systems (NYC)","training@tigerinfo.com",""
"https://groups.drupal.org/node/376353","2Hippos","",""
"https://groups.drupal.org/node/376328","ConSol Partners","",""
"https://groups.drupal.org/node/375868","Therefore","apply@therefore.ca",""
"https://groups.drupal.org/node/375188","Future Golftech Pvt Ltd","info@halogolf.com",""
"https://groups.drupal.org/node/375048","Trace and Trust","dave@redteal.com",""
"https://groups.drupal.org/node/374578","The Ohio State University Office of Distance Education and eLearning","","https://www.jobsatosu.com/postings/51609"
"https://groups.drupal.org/node/374303","Wicomico Environmental Trust","","http://wicomicoenvironment.org/"
"https://groups.drupal.org/node/374243","Winmax Systems Corporation","asingh@winmaxcorp.com",""
"https://groups.drupal.org/node/374193","PROMET SOURCE","jobs3@prometsource.com","http://www.prometsource.com/careers/drupal-developer"
"https://groups.drupal.org/node/374188","PROMET SOURCE","jobs2@prometsource.com","http://www.prometsource.com/careers/project-manager"
"https://groups.drupal.org/node/374183","PROMET SOURCE","jobs4@prometsource.com",""
"https://groups.drupal.org/node/373763","ConsultNet","",""
"https://groups.drupal.org/node/373618","ConsultNet","ADiamond@consultnet.com","http://www2.jobdiva.com/candidates/myjobs/openjob_outside.jsp?a=z1jdnwue8plenclb..."
"https://groups.drupal.org/node/373073","AlertDriving","matt.latreille@alertdriving.com",""
"https://groups.drupal.org/node/372868","The Consortium","",""
"https://groups.drupal.org/node/372863","Toptal","","http://toptal.com/developer"
"https://groups.drupal.org/node/372088","Digital People","Colleen.Kennedy@digitalpeople.net",""
"https://groups.drupal.org/node/372083","Digital People","Colleen.Kennedy@digitalpeople.net",""
"https://groups.drupal.org/node/372078","Digital People","Colleen.Kennedy@digitalpeople.net",""
"https://groups.drupal.org/node/372073","SupportGroups","",""
"https://groups.drupal.org/node/371998","Buzzr","info@buzzr.com","http://Buzzr.com"
"https://groups.drupal.org/node/371968","Cloud Technology Partners","jennifer.doherty@cloudtp.com",""
"https://groups.drupal.org/node/371948","10collective","enquiries@10collective.com.au",""
"https://groups.drupal.org/node/371913","King Trivia Inc.","contact@kingtrivia.com","http://www.marketwired.com/press-release/-1755881.htm"
"https://groups.drupal.org/node/371883","Ontario Institute for Cancer Research ","","https://www.recruitingsite.com/csbsites/oicr/JobDescription.asp?JobNumbe..."
"https://groups.drupal.org/node/371878","Cloud Technology Partners","Jennifer.Doherty@cloudtp.com",""
"https://groups.drupal.org/node/371838","Master Games International / Ten Ton Hammer","sherif@tentonhammer.com","http://www.mastergamesintl.com/"
"https://groups.drupal.org/node/371718","Global leaders in international education - London","alextedd@computerpeople.co.uk","http://uk.linkedin.com/pub/alexander-tedd/7b/a00/806/"
"https://groups.drupal.org/node/371683","REBORN Group Pty Ltd (Sydney, Australia)","",""
"https://groups.drupal.org/node/368378","Sawa World","","http://www.sawaworld.org/)"
"https://groups.drupal.org/node/368058","Kottackal Business Solutions Pvt. Ltd.","hr@kottackal.org","http://www.luxotel.in"
"https://groups.drupal.org/node/367278","The Field Museum","","http://www.bfound.net/detail.aspx?jobId=120043&CoId=45&rq=1"
"https://groups.drupal.org/node/366913","NBCUniversal - Sprout","",""
"https://groups.drupal.org/node/366648","ITPI Pittsburgh","",""
"https://groups.drupal.org/node/366593","NBC Sports Group","","https://sjobs.brassring.com/1033/ASP/TG/cim_jobdetail.asp?partnerid=25354&siteid..."
"https://groups.drupal.org/node/365858","Beacon Hill Technologies","","https://groups.drupal.org/bgehegan%40beaconhillsg.com"
"https://groups.drupal.org/node/364723","KidsCOOK Productions","Natasha@kickinkitchen.tv","http://kickinkitchen.tv/)"
"https://groups.drupal.org/node/364673","University of Florida","","https://jobs.ufl.edu/postings/46450"
"https://groups.drupal.org/node/364323","University of Maryland/AGNR-Nutrition and Food Science","","https://ejobs.umd.edu/postings/22612"
"https://groups.drupal.org/node/364028","Open Select Recruitment / 0207 183 3541 / matt@osrecruit.com","matt@osrecruit.com",""
"https://groups.drupal.org/node/362423","Financial Independance Group","","https://creditcanada.com/money-management/debt-calculator"
"https://groups.drupal.org/node/361383","Mapjects","dev@mapjects.com","http://tiny.cc/9fw90w"
"https://groups.drupal.org/node/359653","Sawa World","","http://www.sawaworld.org/)"
"https://groups.drupal.org/node/359223","Rapisource LLC","",""
"https://groups.drupal.org/node/358743","Turley Associates","","http://turleyassociates.co.uk/2013/10/web-applications-developer-manchester/"
"https://groups.drupal.org/node/358738","Turley Associates","","http://turleyassociates.co.uk/2013/10/web-applications-developer-manchester/"
"https://groups.drupal.org/node/358638","Promet Source","jobs2@prometsource.com",""
"https://groups.drupal.org/node/358633","Promet Source","JOBS4@PROMETSOURCE.COM",""
"https://groups.drupal.org/node/358628","Promet Source","JOBS3@PROMETSOURCE.COM",""
"https://groups.drupal.org/node/358393","One of the major Companies","shrikant@perdure.in",""
"https://groups.drupal.org/node/357978","International Company in Shanghai","lanky0009@live.co.uk",""
"https://groups.drupal.org/node/357968","10collective","enquiries@10collective.com.au",""
"https://groups.drupal.org/node/357953","GE Software","","http://www.gesoftware.com"
"https://groups.drupal.org/node/357788","Ashoka","","https://changemakers.recruiterbox.com/jobs/23099"
"https://groups.drupal.org/node/357653","Clovis Group","ROMINA.NALLY@CLOVISGROUP.COM",""
"https://groups.drupal.org/node/357648","Avyukta Solutions Pvt Ltd","career@avyuktasolutions.com",""
"https://groups.drupal.org/node/357588","Janet","","https://www.ja.net/about-janet/job-vacancies/php-web-developer"
"https://groups.drupal.org/node/357568","OnSavvy","","http://onsavvy.com/jobs/front-end-devthemer-axis12"
"https://groups.drupal.org/node/357438","Infusionsoft","","http://www.infusionsoft.com/careers/senior-web-drupal-developer"
"https://groups.drupal.org/node/357363","Promet Source","jobs2@prometsource.com","http://www.prometsource.com/careers/project-manager"
"https://groups.drupal.org/node/357353","Promet Source","jobs1@prometsource.com",""
"https://groups.drupal.org/node/357288","HRDynamics/FEGS","egallahou@hrdynamicsnyc.com",""
"https://groups.drupal.org/node/357218","Blink Reaction","careers@blinkreaction.com","http://www.blinkreaction.com/careers-at-blink-reaction"
"https://groups.drupal.org/node/354978","Dynamic Signal","qtest@dynamicsignal.com","http://dev.voicestorm.com/"
"https://groups.drupal.org/node/354773","ASPCA","","http://www.aspca.org/about-us/aspca-jobs/1619-web-developer"
"https://groups.drupal.org/node/354723","ConSol Partners","jonathan.tutty@consolpartners.com",""
"https://groups.drupal.org/node/354713","London | Reading Room","recruitment@readingroom.com","http://www.readingroom.com"
"https://groups.drupal.org/node/354628","Eye Street Solutions","info@eyestreet.com",""
"https://groups.drupal.org/node/354608","Blue Horizon Tek Solutions","","http://ow.ly/q9jXi"
"https://groups.drupal.org/node/354578","Confidential","parthasarathit@techaspect.com",""
"https://groups.drupal.org/node/354568","Rural Sourcing, Inc.","","http://ruralsourcing.com/Careers/JobSearch"
"https://groups.drupal.org/node/354548","Confidential","parthasarathit@techaspect.com",""
"https://groups.drupal.org/node/354543","Eastern Kentucky University","","http://jobs.eku.edu"
"https://groups.drupal.org/node/354508","University of Minnesota College of Liberal Arts (Mpls)","","http://employment.umn.edu/applicants/Central?quickFind=115594"
"https://groups.drupal.org/node/354488","Large International Organization","",""
"https://groups.drupal.org/node/354473","Volacci","","http://atm8.it/rlug"
"https://groups.drupal.org/node/354328","Eagle Creek Software Services","","https://eaglecrkcareers.silkroad.com/"
"https://groups.drupal.org/node/354068","them° altima° group ","jobs@them.pro",""
"https://groups.drupal.org/node/354058","them° altima° group ","jobs@them.pro",""
"https://groups.drupal.org/node/353638","WhitakerIT","kschulz@whitakerit.com",""
"https://groups.drupal.org/node/353268","Mortimer Spinks","",""
"https://groups.drupal.org/node/352558","Technology Consultancy ","jonathan.tutty@consolpartners.com",""
"https://groups.drupal.org/node/352518","WUSF Public Media","","http://www.wusf.usf.edu/about/employment/2013/09/web_specialist"
"https://groups.drupal.org/node/352143","Sawa World","info@sawaworld.org","http://www.sawaworld.org/)"
"https://groups.drupal.org/node/350988","Alex's Lemonade Stand Foundation ","HumanResources@AlexsLemonade.org",""
"https://groups.drupal.org/node/350888","Drupal Connect","john@drupalconnect.com",""
"https://groups.drupal.org/node/350838","Relevance Lab","hr@relevancelab.com",""
"https://groups.drupal.org/node/350818","Part Time","sathishkumar.m@innoppl.com",""
"https://groups.drupal.org/node/350758","Council of the Isles of Scilly","","http://www.scilly.gov.uk/procurement/contractop.htm"
"https://groups.drupal.org/node/350753","Future Golftech Pvt Ltd","info@halogolf.com",""
"https://groups.drupal.org/node/350733","Innoppl Technologies","gopivignesh@innoppl.com",""
"https://groups.drupal.org/node/350728","Innoppl Technologies","gopivignesh@innoppl.com",""
"https://groups.drupal.org/node/350693","TriMo","","https://drupal.org/project/adaptivetheme)"
"https://groups.drupal.org/node/350613","PowerTrain, Inc.","",""
"https://groups.drupal.org/node/350598","DSFederal","","http://www.dsfederal.com/jobs"
"https://groups.drupal.org/node/350478","Large International Organization","",""
"https://groups.drupal.org/node/350298","GMCVO Databases","","http://www.gmcvo.org.uk/vacancy-databases-technical-officer"
"https://groups.drupal.org/node/349963","911 Memorial","","http://www.911memorial.org/sites/all/files/Web-App%20Developer%20-%20Oct.%202013..."
"https://groups.drupal.org/node/349958","911 Memorial","","http://www.911memorial.org/sites/all/files/Web-App%20Developer%20-%20Oct.%202013..."
"https://groups.drupal.org/node/349948","University of Mississippi","","http://www.olemiss.edu/depts/general_library/instruction/info/infolit_committee/..."
"https://groups.drupal.org/node/349923","","",""
"https://groups.drupal.org/node/349878","Publicity Matters Ltd","lisa@publicitymatters.com",""
"https://groups.drupal.org/node/349873","Miracle","eeb@miracleas.dk",""
"https://groups.drupal.org/node/349698","Technology Consultancy ","jonathan.tutty@consolpartners.com",""
"https://groups.drupal.org/node/349113","Xcel HR for Washington DC area","",""
"https://groups.drupal.org/node/348958","Tech Company- Brussels ","ryan.adams@consolpartners.com",""
"https://groups.drupal.org/node/348608","Prism Inc","chanda@prisminc.com",""
"https://groups.drupal.org/node/348428","Two Rivers Marketing","","http://www.tworiversmarketing.com/#careers"
"https://groups.drupal.org/node/348308","WhitakerIT","kschulz@whitakerit.com",""
"https://groups.drupal.org/node/346963","Private","",""
"https://groups.drupal.org/node/344183","Sawa World","info@sawaworld.org","http://www.sawaworld.org/)"
"https://groups.drupal.org/node/344148","startup company ","sm4282@gmail.com",""
"https://groups.drupal.org/node/343998","Society of Forensic Toxicologists","jeff.teitelbaum@wsp.wa.gov","http://www.soft-tox.org/Designer_Drugs"
"https://groups.drupal.org/node/343748","QS Limited","sahib@qs.com",""
"https://groups.drupal.org/node/343648","Small group of companies - Cutting edge technologies","","http://www.graniteconsulting.com.au/jobs/"
"https://groups.drupal.org/node/343538","LMD (lmdagency.com)","","https://www.facebook.com/lmdagency)"
"https://groups.drupal.org/node/343433","Center for International Education, University of Massachusetts Amherst","cieprojects@inbox.com","http://www.umass.edu/cie/index.html)"
"https://groups.drupal.org/node/343398","UNICEF USA","","http://ch.tbe.taleo.net/CH07/ats/careers/requisition.jsp?org=UNICEFUSA&cws=1&rid..."
"https://groups.drupal.org/node/343253","Turner -- Downtown Atlanta","joseph@cheek.com",""
"https://groups.drupal.org/node/343098","Human Capital Consultants, Inc.","","http://www.humancapitalconsultants.com"
"https://groups.drupal.org/node/343068","Telamenta","freda@telamenta.com",""
"https://groups.drupal.org/node/342958","TechAspect Solutions Inc","sandeeps@techaspect.com",""
"https://groups.drupal.org/node/342938","ITPI","jmenz@itpipgh.com",""
"https://groups.drupal.org/node/342913","Digital People ","Colleen.Kennedy@digitalpeople.net",""
"https://groups.drupal.org/node/342908","Digital People ","Colleen.Kennedy@digitalpeople.net",""
"https://groups.drupal.org/node/342693","University of Washington","esharpe@u.washington.edu","http://www.washington.edu/admin/hr/jobs/,"
"https://groups.drupal.org/node/342658","Origin Eight","jobs@origineight.net","http://www.origineight.net"
"https://groups.drupal.org/node/342648","VTLS Inc.","myersh@vtls.com",""
"https://groups.drupal.org/node/342578","NOT JUST A LABEL","jobs@notjustalabel.com","http://www.notjustalabel.com/community/jobs/102081"
"https://groups.drupal.org/node/342558","Confidential Client - Sports Industry","",""
"https://groups.drupal.org/node/342533","University of Georgia - Franklin College","","https://www.ugajobsearch.com/applicants/jsp/shared/Welcome_css.jsp"
"https://groups.drupal.org/node/342518","Film: Labours Of (An)Other Solipsist","","http://app.imcreator.com/static/781470B907DD47D0BACFDF71AA23E2E6/film-"
"https://groups.drupal.org/node/342508","iDoctus","oferta@edoctores.com",""
"https://groups.drupal.org/node/342498","Opsview Ltd","","http://www.ikrut.com/microsite/Microsite.ashx?job_id=11397&cmp_uid=d583f15d-b3bd..."
"https://groups.drupal.org/node/340353","Therefore Interactive","apply@therefore.ca",""
"https://groups.drupal.org/node/340253","Therefore Interactive","apply@therefore.ca",""
"https://groups.drupal.org/node/339013","Sawa World","info@sawaworld.org","http://www.sawaworld.org/)"
"https://groups.drupal.org/node/338923","Quadrant 4 Systems Corporation","parimala.todupunuri@qfor.com",""
"https://groups.drupal.org/node/338853","Reformed Church in America","Shayes@rca.org","http://images.rca.org/docs/jobs/WebDeveloper.pdf"
"https://groups.drupal.org/node/335713","Ontario Institute for Cancer Research ","","https://www.recruitingsite.com/csbsites/oicr/JobDescription.asp?JobNumbe..."
"https://groups.drupal.org/node/334898","KMM Technologies Inc","murthy@kmmtechnologies.com",""
"https://groups.drupal.org/node/334683","Tech company- Berkshire","ryan.adams@consolpartners.com",""
"https://groups.drupal.org/node/334688","Tech company- Berkshire","ryan.adams@consolpartners.com",""
"https://groups.drupal.org/node/332803","10collective","enquiries@10collective.com.au","http://www.10collective.com.au"
"https://groups.drupal.org/node/332753","Private","",""
"https://groups.drupal.org/node/332653","Webcrayons Technologies (P) Ltd.","ankit.verma@wtplasia.com",""
"https://groups.drupal.org/node/331998","Patient Conversation Media","",""
"https://groups.drupal.org/node/331653","Catch Digital","drupal@catchdigital.com",""
"https://groups.drupal.org/node/330518","Acquia","","https://www.acquia.com/careers/job?gnk=job&gni=8ad8dbd13a401d6d013a42c532f6793d"
"https://groups.drupal.org/node/330498","Acquia","","https://www.acquia.com/careers/job?gnk=job&gni=8a42a12b4001ac6201400e6a7e6d0026"
"https://groups.drupal.org/node/330473","Acquia","","https://www.acquia.com/careers/job?gnk=job&gni=8ad64ec63f83b8af013f8b0c0b8d3575"
"https://groups.drupal.org/node/330343","KFORCE","",""
"https://groups.drupal.org/node/327853","Sawa World ","info@sawaworld.org","http://www.sawaworld.org/)"
"https://groups.drupal.org/node/327828","ASCRS - American Society of Cataract and Refractive Surgery","resumes@ascrs.org",""
"https://groups.drupal.org/node/327708","ConSol Partners","",""
"https://groups.drupal.org/node/327563","WESTAF","",""
"https://groups.drupal.org/node/327423","ComputerMinds","jobs@computerminds.co.uk",""
"https://groups.drupal.org/node/327413","bj-diagnostik.de","","http://www.bj-diagnostik.de"
"https://groups.drupal.org/node/327403","Sawa World","info@sawaworld.org","http://www.sawaworld.org/)"
"https://groups.drupal.org/node/327203","Charity for Civil Servants","","http://www.foryoubyyou.org.uk/technical-support-specialist"
"https://groups.drupal.org/node/327153","Sekkei Studio (Shanghai)","job@sekkeistudio.com","http://www.sekkeistudio.com"
"https://groups.drupal.org/node/327148","Sekkei Studio (Shanghai)","job@sekkeistudio.com","http://www.sekkeistudio.com"
"https://groups.drupal.org/node/327078","Agricultural Solutions Firm","asatterfield@prisminc.com",""
"https://groups.drupal.org/node/327073","Unisys","",""
"https://groups.drupal.org/node/327068","Walter P. Moore and Associates","Drupal@walterpmoore.com",""
"https://groups.drupal.org/node/327058","Taoti Creative","jobs@taoti.com","http://www.worldjusticeproject.org/),"
"https://groups.drupal.org/node/327043","Dj Case & Associates","","http://djcase.com/positions"
"https://groups.drupal.org/node/327028","DCA Business Media","",""
"https://groups.drupal.org/node/327008","Love Thy Nature","","http://www.lovethynature.com"
"https://groups.drupal.org/node/326958","Zimmerman Associates, Inc.","","http://drupal.org/project/mesh)"
"https://groups.drupal.org/node/326773","All Riot Ltd","","http://themeforest.net/item/contour-multipurpose-creative-drupal-7-theme..."
"https://groups.drupal.org/node/326723","Experis IT","",""
"https://groups.drupal.org/node/325368","World Pulse","","http://worldpulse.com/node/77147"
"https://groups.drupal.org/node/325353","Allium IT","",""
"https://groups.drupal.org/node/310818","Transparatech - San Diego, CA","",""
"https://groups.drupal.org/node/324793","OSJ","","http://osjobs.wordpress.com"
"https://groups.drupal.org/node/324618","WebFirst, Inc.","","http://webfirst.com/send-your-resume?pos=Drupal%20Developer"
"https://groups.drupal.org/node/324308","Edinburgh based Media Company ","ryan.adams@consolpartners.com",""
"https://groups.drupal.org/node/321448","Tech Company in Brighton ","ryan.adams@consolpartners.com",""
"https://groups.drupal.org/node/320683","Stupil Inc.","teampstupil+dojob@stupil.com","http://stupil.com"
"https://groups.drupal.org/node/319468","Computer People","peterwright@computerpeople.co.uk","http://www.computerpeople.co.uk/findajob/jobsearchresults/Pages/jobdescription.a..."
"https://groups.drupal.org/node/317613","Xeno Media","resumes@xenomedia.com","http://www.xenomedia.com/perspective/were-expanding-our-team"
"https://groups.drupal.org/node/316583","Sawa World","info@sawaworld.org","http://www.sawaworld.org/)"
"https://groups.drupal.org/node/316553","Digital Media ","cpukit@ncostaffing.com",""
"https://groups.drupal.org/node/316328","3W Studios","sgerard@3wstudios.com","http://www.3wstudios.com/"
"https://groups.drupal.org/node/316113","Them° Altima° Group (Shanghai)","","http://www.them.pro"
"https://groups.drupal.org/node/316013","The Marks Group","",""
"https://groups.drupal.org/node/315993","Sirius Technology","ltommasini@siriustechnology.com.au",""
"https://groups.drupal.org/node/315813","Ashdown Consulting","",""
"https://groups.drupal.org/node/315583","Private","",""
"https://groups.drupal.org/node/315508","Boston Interactive","","http://bostoninteractive.com/about/careers/drupal-developer"
"https://groups.drupal.org/node/315503","Fluid Market Strategies","","https://home.eease.adp.com/recruit/?id=6139711"
"https://groups.drupal.org/node/315468","Drupal Development ","",""
"https://groups.drupal.org/node/315348","NBCUniversal","","https://sjobs.brassring.com/1033/ASP/TG/cim_jobdetail.asp?partnerid=25354&siteid..."
"https://groups.drupal.org/node/315283","Blue Fountain Media","avasconcelos@bluefountainmedia.com","http://www.bluefountainmedia.com"
"https://groups.drupal.org/node/315268","Mortimer Spinks","Paul.church@mortimerspinks.com",""
"https://groups.drupal.org/node/315258","University of Georgia - Franklin College of Arts and Sciences","","https://www.ugajobsearch.com/applicants/jsp/shared/position/JobDetails_css.jsp?p..."
"https://groups.drupal.org/node/315218","Australian Human Rights Commission","jobs@humanrights.gov.au","https://www.humanrights.gov.au/about/jobs/current-vacancies/web-designer"
"https://groups.drupal.org/node/315033","Tiger Information Systems (NYC)","training@tigerinfo.com",""
"https://groups.drupal.org/node/314968","Archetypes","admin@archetypeme.com",""
"https://groups.drupal.org/node/314878","Mr Vitamins - Australia","james@mrvitamins.com.au",""
"https://groups.drupal.org/node/314793","NowLegal.com","","http://digital-signature.findthebest.com/."
"https://groups.drupal.org/node/314698","ImageX","","http://imagexmedia.com/careers"
"https://groups.drupal.org/node/314638","Code and Theory","ny.careers@codeandtheory.com",""
"https://groups.drupal.org/node/314573","Freeform Solutions","","http://www.freeformsolutions.ca/en/drupal-civicrm-developer-application-form"
"https://groups.drupal.org/node/314323","CompIndia","sbanu@compindia.com",""
"https://groups.drupal.org/node/314298","SimplyEngage","","http://www.simplyengage.com/jobs.html"
"https://groups.drupal.org/node/314253","Czech Radio","","https://verejnezakazky.rozhlas.cz/vz00000126,"
"https://groups.drupal.org/node/314098","Client of Cambio Consulting","sangeetha@cambio.co.in","https://drupal.org/user/1"
"https://groups.drupal.org/node/313918","IndieMade LLC","","http://www.yourwebsitenamegoeshere.com"
"https://groups.drupal.org/node/313913","Legacy Marketing Partners","","http://hire.jobvite.com/j/?cj=ojLOXfwz&s=Drupal_Groups"
"https://groups.drupal.org/node/313703","Standard IO","",""
"https://groups.drupal.org/node/313688","WaveCloud Corporation","careers@wavecloud.com","http://www.wavecloud.com/careers"
"https://groups.drupal.org/node/313548","Private","",""
"https://groups.drupal.org/node/313528","Moving Interactive","ted.kubach@movinginteractive.com",""
"https://groups.drupal.org/node/313473","The Webmaster Centre Ltd","office@webmasterservices.co","http://www.evanscycles.com"
"https://groups.drupal.org/node/313443","The Webmaster Centre Ltd","office@webmasterservices.co",""
"https://groups.drupal.org/node/313438","The National Library of Wales","","http://www.llgc.org.uk/fileadmin/documents/pdf/ADDisSwyddCYWTechSaesGorf..."
"https://groups.drupal.org/node/313423","ImageX","","http://bit.ly/1aJDyCx"
"https://groups.drupal.org/node/313028","SKYCATCHFIRE","hello@skycatchfire.com","http://skycatchfire.com)"
"https://groups.drupal.org/node/312998","Zennlabs","",""
"https://groups.drupal.org/node/312933","10collective","enquiries@10collective.com.au","http://www.seek.com.au/job/25095549"
"https://groups.drupal.org/node/312873","BEA Enterprises Inc","don@bea-enterprises.com",""
"https://groups.drupal.org/node/312773","Media Company in Sunny Edinburgh ","ryan.adams@consolpartners.com",""
"https://groups.drupal.org/node/312708","Zigzag Media","catherine@zigzagadvertising.ph",""
"https://groups.drupal.org/node/312538","The Children's Hospital of Philadelphia","","http://bit.ly/M6RqFf"
"https://groups.drupal.org/node/312533","Woodbury University Library","",""
"https://groups.drupal.org/node/312518","New Target, Inc.","resumes@newtarget.com","http://www.newtarget.com/back-end-php-web-developer"
"https://groups.drupal.org/node/312498","Confidential","",""
"https://groups.drupal.org/node/312478","Origin Eight","jobs@origineight.net","http://www.origineight.net"
"https://groups.drupal.org/node/312408","Blisstering Solutions ","naz.ahmad@blissstering.com","http://www.blisstering.com/company/jobs"
"https://groups.drupal.org/node/312378","African Development Bank Group","","http://www.afdb.org/en/careers/current-vacancies/vacancy/chief-business-..."
"https://groups.drupal.org/node/312318","Vega Consulting Solutions, Inc.","",""
"https://groups.drupal.org/node/312258","GateWay Community College","",""
"https://groups.drupal.org/node/312218","SSands","",""
"https://groups.drupal.org/node/312143","Divya Jha","careers@kbcdindia.com",""
"https://groups.drupal.org/node/312123","Sawa World","","http://www.sawaworld.org/)"
"https://groups.drupal.org/node/311988","New Target, Inc.","resumes@newtarget.com","http://www.newtarget.com/about/careers"
"https://groups.drupal.org/node/311938","EsqSocial","",""
"https://groups.drupal.org/node/311923","Tech Company in Manchester-must start Monday ","ryan.adams@consolpartners.com",""
"https://groups.drupal.org/node/311903","Vertical Nerve","","http://www.verticalnerve.com/about-us/careers/detail?id=108;"
"https://groups.drupal.org/node/311848","Integra Inc.","careers@integragroup.com","http://www.integragroup.com/about/careers/"
"https://groups.drupal.org/node/311843","Sundberg & Associates","careers@sundbergassociates.com",""
"https://groups.drupal.org/node/311798","New Target, Inc.","resume3@newtarget.com","http://www.newtarget.com/"
"https://groups.drupal.org/node/311793","New Target, Inc.","resumes@newtarget.com","http://www.newtarget.com/about/careers#sthash.NMnoY66X.dpuf"
"https://groups.drupal.org/node/311788","New Target, Inc.","resumes@newtarget.com","http://www.newtarget.com/about/careers"
"https://groups.drupal.org/node/311783","Kent State University - College of Nursing","","https://jobs.kent.edu,"
"https://groups.drupal.org/node/311753","Jobularity","jenny@jobularity.com",""
"https://groups.drupal.org/node/311728","ImageX","","http://bit.ly/1bwJpJ3"
"https://groups.drupal.org/node/311713","Beyondtekit","Guna@BeyondTekIT.com",""
"https://groups.drupal.org/node/311703","WITS","hodba.khalaf@gmail.com","http://www.dasselundwagner.com/en/"
"https://groups.drupal.org/node/311638","KD Web","mailto:jobs@kdweb.co.uk",""
"https://groups.drupal.org/node/311563","1-800-GOT-JUNK?","","http://1800gotjunk.hireology.com/s/7676"
"https://groups.drupal.org/node/311543","Achieve Internet","jobs@achieveinternet.com","http://achieveinternet.com"
"https://groups.drupal.org/node/311498","Human Rights Watch","webjobs@hrw.org","https://www.hrw.org/employment/2013/08/06/web-administrator"
"https://groups.drupal.org/node/311443","CompIndia","sbanu@compindia.com",""
"https://groups.drupal.org/node/311438","CompIndia","sbanu@compindia.com",""
"https://groups.drupal.org/node/311318","www.sboj.com","patrick@sboj.com","http://www.sboj.com"
"https://groups.drupal.org/node/311243","Digital Ink Tasmania","md@digitalink.com.au",""
"https://groups.drupal.org/node/311103","Anonymous","",""
"https://groups.drupal.org/node/311093","Gravitywell Limited","simon@gravitywell.co.uk","http://www.gravitywell.co.uk/jobs"
"https://groups.drupal.org/node/311068","Unipro Ltd","",""
"https://groups.drupal.org/node/311003","Intacct","222.Intacct@hiredesk.net",""
"https://groups.drupal.org/node/310968","Async-Nu Microsystems","","http://jobview.monster.com/Drupal-Developer-w-Web-Design-Experience-Job-Washingt..."
"https://groups.drupal.org/node/310938","Clovis Group","Romina.nally@clovisgroup.com",""
"https://groups.drupal.org/node/310928","Unipro Ltd","",""
"https://groups.drupal.org/node/310808","Clovis Group","Romina.nally@clovisgroup.com","http://www.bullhornreach.com/job/978970_web-devdrupalcms-open-house-dcmdva-laure..."
"https://groups.drupal.org/node/310803","","Romina.nally@clovisgroup.com","http://www.bullhornreach.com/job/978970_web-devdrupalcms-open-house-dcmd..."
"https://groups.drupal.org/node/310793","GrowHost.org","","http://growhost.org"
"https://groups.drupal.org/node/310738","WTTW Chicago PBS","agleason@wttw.com","http://interactive.wttw.com/about/employment/full-time/wttwwfmt-webdigital-devel..."
"https://groups.drupal.org/node/310713","Client","","http://osjobs.wordpress.com"
"https://groups.drupal.org/node/310633","Sirius Technology","ltommasini@siriustechnology.com.au",""
"https://groups.drupal.org/node/310623","10collective","alex@10collective.com.au",""
"https://groups.drupal.org/node/310603","FCV Interactive ","careers@fcv.ca",""
"https://groups.drupal.org/node/310553","Tiro Partners London","",""
"https://groups.drupal.org/node/310548","Tiro Partners London","",""
"https://groups.drupal.org/node/310433","BEA Enterprises Inc","don@bea-enterprises.com",""
"https://groups.drupal.org/node/310408","Blink Reaction | Blink Reaction","careers@blinkreaction.com","http://www.blinkreaction.com/careers-at-blink-reaction"
"https://groups.drupal.org/node/310388","Origin Eight","jobs@origineight.net","http://www.origineight.net"
"https://groups.drupal.org/node/310348","Pagetrends","",""
"https://groups.drupal.org/node/310333","Acquia","","https://www.acquia.com/careers/open-positions"
"https://groups.drupal.org/node/310308","Theoris IT Services","",""
"https://groups.drupal.org/node/310303","Zimron","","http://www.jobscore.com/jobs/zimron/drupal-developer/bhhamk_D8r4PdRiGakhP3Q"
"https://groups.drupal.org/node/310298","the good guys","",""
"https://groups.drupal.org/node/310143","On Assignment ","Candise.Baker@onassignment.com","http://www.onassignment.com"
"https://groups.drupal.org/node/310128","iVedha","Steve@ivedha.com",""
"https://groups.drupal.org/node/310093","Archetypes","admin@archetypeme.com",""
"https://groups.drupal.org/node/310078","Public Consulting Group","","https://www1.apply2jobs.com/PCGUS/ProfExt/index.cfm?fuseaction=mExternal.showJob..."
"https://groups.drupal.org/node/309893","Nu-Designs Web Marketing","","http://nu-designs.com/nu-designs-job-opportunities"
"https://groups.drupal.org/node/309883","Softworld, Inc.","",""
"https://groups.drupal.org/node/309828","Tech USA","cbalbi@techusa.net",""
"https://groups.drupal.org/node/309803","Proctor & Stevenson","recruitment@proctors.co.uk","http://www.proctors.co.uk/About-us/Careers/WebDeveloper"
"https://groups.drupal.org/node/309753","","","http://droplabs.net/events/2013/08/16/drupal-employers-summit"
"https://groups.drupal.org/node/309743","Greythorn","",""
"https://groups.drupal.org/node/309693","Tech USA","cbalbi@techusa.net","http://search10.smartsearchonline.com/techusa/jobs/jobdetails.asp?job_number=187..."
"https://groups.drupal.org/node/309533","Bluespark","jobs@bluesparklabs.com","http://www.bluespark.com/work-at-bluespark"
"https://groups.drupal.org/node/309528","Bluespark","jobs@bluesparklabs.com","http://www.bluespark.com/work-at-bluespark"
"https://groups.drupal.org/node/309523","Bluespark","jobs@bluesparklabs.com","http://www.bluespark.com/work-at-bluespark"
"https://groups.drupal.org/node/309498","North Studio","","http://www.northstudio.com/join-our-team"
"https://groups.drupal.org/node/309493","North Studio","","http://www.northstudio.com/join-our-team"
"https://groups.drupal.org/node/309488","Knowledge Advantage Inc.","mferguson@kaiglobal.com",""
"https://groups.drupal.org/node/309458","Commerce Guys","","http://commerceguys.com/about-us/careers/drupal-developer"
"https://groups.drupal.org/node/309423","Công ty cổ phần Panamax","","http://muasamvui.com"
"https://groups.drupal.org/node/309288","LanguageTwin","",""
"https://groups.drupal.org/node/309278","GTP","",""
"https://groups.drupal.org/node/309263","Vanderhouwen/Nike","tom.vargas@vanderhouwen.com",""
"https://groups.drupal.org/node/309233","NOT JUST A LABEL","lee@notjustalabel.com","http://www.notjustalabel.com/community/jobs/95935"
"https://groups.drupal.org/node/309048","Taoti Creative","hello@taoti.com","http://www.worldjusticeproject.org/),"
"https://groups.drupal.org/node/308938","Sirius Technology","ltommasini@siriustechnology.com.au",""
"https://groups.drupal.org/node/308893","ImageX","","http://bit.ly/18AKQbJ"
"https://groups.drupal.org/node/308888","OSJ","","http://osjobs.wordpress.com"
"https://groups.drupal.org/node/308768","Clovis Group","Romina.nally@clovisgroup.com","http://www.bullhornreach.com/job/929818_senior-drupal-developer-arlington-arling..."
"https://groups.drupal.org/node/308733","Intracto","jobs@intracto.com","http://www.intracto.com/jobs/webdevelopers-phpdrupalsymfony"
"https://groups.drupal.org/node/308578","Eye Street Solutions","jobs@eyestreet.com",""
"https://groups.drupal.org/node/308553","Autodesk, Inc (San Francisco)","","https://autodesk.taleo.net/careersection/jobdetail.ftl?job=122248&lang=en"
"https://groups.drupal.org/node/308548","Saforian","","http://www.saforian.com/careers/SeniorDrupalDeveloper/"
"https://groups.drupal.org/node/308443","OSJ","","http://osjobs.wordpress.com"
"https://groups.drupal.org/node/308418","UPcyclity® Inc.","info@upcyclity.com",""
"https://groups.drupal.org/node/308393","New Media Startup","drupalopportunity@gmail.com",""
"https://groups.drupal.org/node/308388","AAN","webmaster@arcosantialumninetwork.org",""
"https://groups.drupal.org/node/308378","Immerse Consulting","resources@1mmerse.co.uk",""
"https://groups.drupal.org/node/308363","The Eden Project","","http://www.edenproject.com/careers/current-vacancies"
"https://groups.drupal.org/node/308333","Vantage Internet Projects","corne@viprojects.net",""
"https://groups.drupal.org/node/308328","Matching","ben@matching.uk.com",""
"https://groups.drupal.org/node/308323","Opsview Limited, Reading, United Kingdom","","http://www.ikrut.com/microsite/Microsite.ashx?job_id=8537&cmp_uid=d583f15d-b3bd-..."
"https://groups.drupal.org/node/308318","ABC - triple j (Sydney or Melbourne)","","http://careers.abc.net.au/jobDetails.asp?sJobIDs=493781&lCategoryID=&lWo..."
"https://groups.drupal.org/node/308293","Delta Stewardship Council","","http://deltacouncil.ca.gov/job-opportunities"
"https://groups.drupal.org/node/308263","CommonPlaces, Inc.","","http://www.commonplaces.com/get-in-touch/careers"
"https://groups.drupal.org/node/308248","Clovis Group","Romina.nally@clovisgroup.com","http://www.bullhornreach.com/user/269925/jobs"
"https://groups.drupal.org/node/308198","Drexel University Libraries - Philadelphia Pennsylvania","","http://www.drexeljobs.com/applicants/Central?quickFind=77363"
"https://groups.drupal.org/node/308153","We Are What We Do","sara@wearewhatwedo.org","http://wearewhatwedo.org/vacancies/drupal-developer-contract/"
"https://groups.drupal.org/node/308148","We Are What We Do","sara@wearewhatwedo.org","http://wearewhatwedo.org/vacancies/drupal-developer-permanent/"
"https://groups.drupal.org/node/308118","NVIDIA (Shanghai site, China)","risun@nvidia.com","https://groups.drupal.org/risun%40nvidia.com"
"https://groups.drupal.org/node/308108","Veterans in Film & Television","info@vftla.org","https://projects.invisionapp.com/share/ESDQKHT3"
"https://groups.drupal.org/node/308098","Drupal Connect","john@drupalconnect.com",""
"https://groups.drupal.org/node/308083","Cesar Millan Inc.","",""
"https://groups.drupal.org/node/308078","Cesar Millan Inc.","",""
"https://groups.drupal.org/node/308063","Washington University in St. Louis","marcia@wustl.edu","http://hr.wustl.edu/opportunities"
"https://groups.drupal.org/node/307998","Journal Communications, Inc.","dday@jnlcom.com","http://www.jnlcom.com/careers/"
"https://groups.drupal.org/node/307983","tipping point LLC","",""
"https://groups.drupal.org/node/307863","The Web Development Group","","http://wearewdg.com"
"https://groups.drupal.org/node/307783","RACOR","racor@racorsm.com","http://racorsm.com"
"https://groups.drupal.org/node/307773","Upaya Social Ventures","careers@upayasv.org","http://www.upayasv.org"
"https://groups.drupal.org/node/307763","Vega Consulting Solutions, Inc","bhibler@vegaconsulting.com",""
"https://groups.drupal.org/node/307758","Proctor & Stevenson","recruitment@proctors.co.uk",""
"https://groups.drupal.org/node/307728","Bounty Uk Ltd","rchambers@bounty.com",""
"https://groups.drupal.org/node/307598","Mubie","",""
"https://groups.drupal.org/node/307563","New Target, Inc.","",""
"https://groups.drupal.org/node/307553","WinWinSolutions","",""
"https://groups.drupal.org/node/307428","Geocko","dhanya@geocko.com",""
"https://groups.drupal.org/node/307358","ConSol Partners","mike.cain@consolpartners.com",""
"https://groups.drupal.org/node/307338","Phoenix","",""
"https://groups.drupal.org/node/307333","Vega Consulting Solutions, Inc","bhibler@vegaconsulting.com",""
"https://groups.drupal.org/node/307323","ArchetypeMe","admin@archetypeme.com",""
"https://groups.drupal.org/node/307253","Harvard Graduate School of Education ","","http://goo.gl/nSLpg"
"https://groups.drupal.org/node/307238","Attribute - SYDNEY","aearl@attributegroup.com.au",""
"https://groups.drupal.org/node/307143","Open Select Recruitment | 0207 183 3541 | joel@osrecruit.com","joel@osrecruit.com",""
"https://groups.drupal.org/node/306988","Panlogic","",""
"https://groups.drupal.org/node/306968","Frontier","",""
"https://groups.drupal.org/node/306928","Norwegian Center for Integrated Care and Telemedicine","","http://telemed.no/web-developer.5256370-4289.html"
"https://groups.drupal.org/node/306918","Sutunam Vietnam","hr.vietnam@sutunam.com",""
"https://groups.drupal.org/node/306908","European Alliance for Human Rights in North Korea","volunteers@eahrnk.org",""
"https://groups.drupal.org/node/306903","Employee Matters ","","http://www.seek.com.au/job/24820667"
"https://groups.drupal.org/node/306613","Parity Resources ltd","l.whiteley@parity.net",""
"https://groups.drupal.org/node/306493","Winona","",""
"https://groups.drupal.org/node/306368","The Wildlife Trusts","",""
"https://groups.drupal.org/node/306153","JBK Infotech Pvt. Ltd.","","http://www.jbkinfotech.com/jobs/recruitment-drivewalk-in-for-drupalphp-p..."
"https://groups.drupal.org/node/305953","Outsource Technical","mzakaryan@ostechnical.com",""
"https://groups.drupal.org/node/305943","Balboa Park Online Collaborative","hr@bpoc.org","http://www.bpoc.org"
"https://groups.drupal.org/node/305938","JBK Infotech Pvt. Ltd.","hr@jbkinfotech.com",""
"https://groups.drupal.org/node/305918","REI Systems","cshortridge@reisys.com",""
"https://groups.drupal.org/node/305673","xTuple","","http://www.xtuple.com/contact/marketing"
"https://groups.drupal.org/node/305608","Intracto Digital Agency","jobs@intracto.com","http://www.intracto.com/jobs/drupal-webdeveloper"
"https://groups.drupal.org/node/305578","First Point IT ","mark.aldridge@fpit.co.uk",""
"https://groups.drupal.org/node/305488","Async-Nu Microsystems","","http://jobview.monster.com/Front-End-Drupal-Developer-Job-Washington-DC-12306473..."
"https://groups.drupal.org/node/305438","Media Genesis","","http://mediag.com/careers/."
"https://groups.drupal.org/node/305433","Media Genesis","","http://mediag.com/careers/."
"https://groups.drupal.org/node/305428","Media Genesis","","http://mediag.com/careers/."
"https://groups.drupal.org/node/305338","Ebizon","priyanka.jhamnani@ebizontek.com",""
"https://groups.drupal.org/node/305303","Middle East Institute","jobs@mei.edu","http://mei.edu"
"https://groups.drupal.org/node/305263","LMD","","http://lmdagency.com/employment/"
"https://groups.drupal.org/node/305188","Floate Design Partners","","http://floate.com.au/contact/"
"https://groups.drupal.org/node/305183","Floate Design Partners","","http://floate.com.au/contact/"
"https://groups.drupal.org/node/305148","US based Portal / Web Development Consulting firm - remote work","",""
"https://groups.drupal.org/node/305143","Vertical Nerve","","http://www.verticalnerve.com/about-us/careers/detail?id=78"
"https://groups.drupal.org/node/305118","OSJ","","http://osjobs.wordpress.com"
"https://groups.drupal.org/node/305068","Manta Ray Media","steve@mantaraymedia.co.uk","http://www.mantaraymedia.co.uk/"
"https://groups.drupal.org/node/305048","Blisstering Solutions ","naz.ahmad@blisstering.com",""
"https://groups.drupal.org/node/304973","High Rock Media","",""
"https://groups.drupal.org/node/304953","Millennium Search","",""
"https://groups.drupal.org/node/304933","AT-Tech ","hsmith@at-tech.com",""
"https://groups.drupal.org/node/304848","Langoor","hiring@langoor.com","http://www.langoor.com/join-us/"
"https://groups.drupal.org/node/304808","KBCD INDIA","divya@kbcdindia.com","http://www.kbcdindia.com"
"https://groups.drupal.org/node/304803","杭州链加科技有限公司Goldenlink plus","sales.gle@gmail.com",""
"https://groups.drupal.org/node/304783","RCST co.","rcstdrupal@boun.cr",""
"https://groups.drupal.org/node/304653","Protingent","jmorgante@protingent.com",""
"https://groups.drupal.org/node/304593","","",""
"https://groups.drupal.org/node/304563","Weblance","","https://weblance.com/projectdetails.php?project_id=158"
"https://groups.drupal.org/node/304458","Hyatt Leader","hyattleader@outlook.com",""
"https://groups.drupal.org/node/304448","Opsview Ltd","","http://www.ikrut.com/microsite/Microsite.ashx?job_id=8537&cmp_uid=d583f15d-b3bd-..."
"https://groups.drupal.org/node/304443","Archetypes","admin@archetypeme.com",""
"https://groups.drupal.org/node/304358","KWALL","jobs@kwallcompany.com",""
"https://groups.drupal.org/node/304353","KWALL","jobs@kwallcompany.com",""
"https://groups.drupal.org/node/304338","BuzzMaker","info@buzzmaker.net",""
"https://groups.drupal.org/node/304298","Promet Source","jobs7@promethost.com",""
"https://groups.drupal.org/node/304118","ConSol Partners","mike.cain@consolpartners.com",""
"https://groups.drupal.org/node/303973","Bristol Drupal House","Ryan.adams@consolpartners.com",""
"https://groups.drupal.org/node/303883","Wound Care Advantage","careers@thewca.com",""
"https://groups.drupal.org/node/303813","ASCRS - American Society of Cataract and Refractive Surgery","resumes@ascrs.org","http://www.ascrs.org"
"https://groups.drupal.org/node/303793","United Nations Mechanism for International Criminal Tribunals","recruitment@icty.org","http://www.icty.org/sid/10745"
"https://groups.drupal.org/node/303763","KirkeWeb","","http://kirkeweb.dk/om­os/jobs/"
"https://groups.drupal.org/node/303563","Latina Media Ventures","developer@latina.com",""
"https://groups.drupal.org/node/303553","Elevated Third","jobs@elevatedthird.com","http://www.youtube.com/watch?v=_FzcwHnyppY"
"https://groups.drupal.org/node/303548","Goingdrupal","","http://www.goingdrupal.com/contact"
"https://groups.drupal.org/node/303433","Diamond Information Systems","cpalma@diamondis.com",""
"https://groups.drupal.org/node/303423","ConSol Partners","",""
"https://groups.drupal.org/node/303413","Media/Technology","Ryan.adams@consolpartners.com",""
"https://groups.drupal.org/node/303398","Chuva Inc.","","http://chuva-inc.com.br/blog/2013/05/oportunidade-de-estagio-aprendiz-de..."
"https://groups.drupal.org/node/303348","them° altima° group (Shanghai)","","http://www.them.pro"
"https://groups.drupal.org/node/303283","LocalVox","","http://localvox.com/about/careers/?jvi=oNpqXfwj%2CJob"
"https://groups.drupal.org/node/303238","Globalbility","","https://drupal.org/node/1989146"
"https://groups.drupal.org/node/303228","Unipro","",""
"https://groups.drupal.org/node/303178","Advisors Excel","","http://advisorsexcel.prevueaps.com/jobs/4074.html"
"https://groups.drupal.org/node/303123","Global Staffing Pros","ddavis@globalstaffingpros.com",""
"https://groups.drupal.org/node/303078","3W Studios","sgerard@3wstudios.com","http://www.3wstudios.com/company/employment.php"
"https://groups.drupal.org/node/303073","Pfizer, Inc.","","http://pfizercareers.com/"
"https://groups.drupal.org/node/303063","Aten Design Group","work@atendesigngroup.com",""
"https://groups.drupal.org/node/302993","CMM Level 3","irfanelixir9@gmail.com",""
"https://groups.drupal.org/node/302963","them° altima° group (Shanghai)","","http://www.them.pro"
"https://groups.drupal.org/node/302883","NetSource, Inc","",""
"https://groups.drupal.org/node/302818","Axis12","","http://onsavvy.com/jobs/drupal-dev-london-uk-axis12"
"https://groups.drupal.org/node/302778","WebFirst, Inc.","","http://webfirst.com/careers/drupal-developer"
"https://groups.drupal.org/node/302618","NBCUniversal, Syfy","","https://sjobs.brassring.com/1033/ASP/TG/cim_jobdetail.asp?partnerid=25354&siteid..."
"https://groups.drupal.org/node/302538","HGK Campus Dreispitz","a.spiess@email.de","http://www.hageka.ch"
"https://groups.drupal.org/node/302473","California Ocean Science Trust","hr@calost.org",""
"https://groups.drupal.org/node/302348","British Association for Adoption and Fostering","","http://www.baaf.org.uk/jobs/digital-developer"
"https://groups.drupal.org/node/302213","Safe Kids Worldwide","","http://www.safekids.org/intern-web-content-management"
"https://groups.drupal.org/node/302168","Georgia Tech College of Computing","","http://careers.gatech.edu/career-paths/staff-opportunities-taleo"
"https://groups.drupal.org/node/302103","Flash Web Center","","https://lynx2games.com/"
"https://groups.drupal.org/node/302093","USDA Forest Service","rmazza@fs.fed.us","http://www.fs.fed.us/pnw/employment/outreach/CCRC_Outreach%20Notice.docx"
"https://groups.drupal.org/node/301728","Touch Press","",""
"https://groups.drupal.org/node/301543","Kenneth Copeland Ministries","nkirschstein@kcm.org",""
"https://groups.drupal.org/node/301443","Open Select Recruitment / 0207 183 3541 / matt@osrecruit.com","matt@osrecruit.com",""
"https://groups.drupal.org/node/301403","Filled-Guitar.com","",""
"https://groups.drupal.org/node/301258","TriTech Enterprise Systems, Inc.","","http://www.dice.com/job/result/10114722/TRI-DOL-60713?src=54&q=TRI-DOL-60713"
"https://groups.drupal.org/node/301178","Voice & Script International Ltd.","",""
"https://groups.drupal.org/node/301163","AT-Tech ","hsmith@at-tech.com",""
"https://groups.drupal.org/node/301158","AT-Tech ","hsmith@at-tech.com",""
"https://groups.drupal.org/node/301123","Open Select Recruitment / 0207 183 3541 / matt@osrecruit.com","matt@osrecruit.com",""
"https://groups.drupal.org/node/301068","smashing ideas","signmeup@smashingideas.com",""
"https://groups.drupal.org/node/301063","smashing ideas","",""
"https://groups.drupal.org/node/301013","PITech Solutions","rasmith@pitechsol.com","http://pitechsol.com/resources/"
"https://groups.drupal.org/node/300998","Async-Nu Microsystems","","http://jobview.monster.com/Front-End-Web-Developer-Job-Washington-DC-122265195.a..."
"https://groups.drupal.org/node/300908","Mortimer Spinks","paul.church@mortimerspinks.com",""
"https://groups.drupal.org/node/300823","Cozi","gleb@recruitingbandwidth.com","http://www.cozi.com/,"
"https://groups.drupal.org/node/300818","Environmental Law Alliance Worldwide (ELAW)","lori@elaw.org",""
"https://groups.drupal.org/node/300723","Save the Children UK","","http://www7.i-grasp.com/fe/tpl_savethechildren02.asp?s=4A515F4E5A565B1A&jobid=36..."
"https://groups.drupal.org/node/300713","ConSol Partners","",""
"https://groups.drupal.org/node/300388","ImageX","","http://imagexmedia.com/careers"
"https://groups.drupal.org/node/300378","African Development Bank Group","d.wu@afdb.org",""
"https://groups.drupal.org/node/300328","Agence Inovae","info@agenceinovae.com","http://agenceinovae.com/en/about-us/team."
"https://groups.drupal.org/node/300303","PITech Solutions","rasmith@pitechsol.com","http://pitechsol.com/resources/"
"https://groups.drupal.org/node/300288","Private company","",""
"https://groups.drupal.org/node/300183","UCSF","","http://www.linkedin.com/jobs?viewJob=&jobId=5473040"
"https://groups.drupal.org/node/300098","PWC SDC China","",""
"https://groups.drupal.org/node/300078","NCO Staffing Inc.","cpukit@ncostaffing.com",""
"https://groups.drupal.org/node/300043","Arizona State University","","https://www.asu.edu/go/employment/?auth=guest&jobid=30928&SiteId=1&Posti..."
"https://groups.drupal.org/node/300013","Stott Design","","http://173.199.132.68/product/reclaimed-wood-barn-door-slab)"
"https://groups.drupal.org/node/300008","Software house","Josh.Swires@ConsolPartners.com",""
"https://groups.drupal.org/node/299853","New Target, Inc.","resumes@newtarget.com","http://www.newtarget.com"
"https://groups.drupal.org/node/299848","New Target, Inc.","resumes@newtarget.com","http://www.newtarget.com"
"https://groups.drupal.org/node/299808","Royal College of Physicians of London","","http://www.rcplondon.ac.uk/jobs/ict138-web-analyst"
"https://groups.drupal.org/node/299788","Janet(UK)","","https://www.ja.net/about-janet/job-vacancies/portal-developer"
"https://groups.drupal.org/node/299763","Trigyn Technologies","",""
"https://groups.drupal.org/node/299703","Millennium","richard@msearchllc.com",""
"https://groups.drupal.org/node/299698","Millennium Search","richard@msearchllc.com",""
"https://groups.drupal.org/node/299683","ArchSmart","",""
"https://groups.drupal.org/node/299643","PHP Drupal | NYC + Boston | NorthPoint Digital","",""
"https://groups.drupal.org/node/299628","Phoenix","",""
"https://groups.drupal.org/node/299573","Mortimer Spinks","paul.church@mortimerspinks.com",""
"https://groups.drupal.org/node/299408","Make it Digital Ltd","jobs@makeitdigital.co.uk","http://www.makeitdigital.co.uk/about/careers/drupal-developer-job"
"https://groups.drupal.org/node/299393","Contour Int. Inc.","developdrupal01@gmail.com","http://www.home.....(will"
"https://groups.drupal.org/node/299328","Vantage Internet Projects","",""
"https://groups.drupal.org/node/299243","Puget Sound internet","","http://pugetsoundinternet.com/opportunities/graphics-designer"
"https://groups.drupal.org/node/299218","Wunderkraut","","http://goo.gl/stTzS"
"https://groups.drupal.org/node/299158","World Vision","lannis@worldvision.org","http://www.worldvision.org/about-us/who-we-are"
"https://groups.drupal.org/node/299153","Videomaker, Inc.","jobs@videomaker.com","http://www.videomaker.com"
"https://groups.drupal.org/node/299103","Center for Global Development","jobs@cgdev.org","http://www.cgdev.org/page/web-technology-coordinator"
"https://groups.drupal.org/node/299098","suma3.com","",""
"https://groups.drupal.org/node/298963","The Web Development Group","","http://fb.com/i.like.wdg"
"https://groups.drupal.org/node/298948","The Florida Times-Union","",""
"https://groups.drupal.org/node/298933","Toronto","",""
"https://groups.drupal.org/node/298903","Florida Residential/Commercial Design company","",""
"https://groups.drupal.org/node/298898","Global Vision Technology LLC","amit@global-visiontech.com",""
"https://groups.drupal.org/node/298878","The Children's Hospital of Philadelphia","","https://www.chop.edu.apply2jobs.com/ProfExt/index.cfm?fuseaction=mExternal.showJ..."
"https://groups.drupal.org/node/298838","IFPRI","mery.comanescu@gmail.com","http://harvestchoice.org/"
"https://groups.drupal.org/node/298608","Non Profit Consultant","",""
"https://groups.drupal.org/node/298433","LC Advanced","hr@left-click.us",""
"https://groups.drupal.org/node/298418","max_ink","",""
"https://groups.drupal.org/node/298403","eBay Inc. (X.commerce/Magento)","",""
"https://groups.drupal.org/node/298323","spanish-living.com","",""
"https://groups.drupal.org/node/298198","Established Portal","",""
"https://groups.drupal.org/node/298018","Sirius Technology","ltommasini@siriustechnology.com.au",""
"https://groups.drupal.org/node/297993","Orange Studio","hany@orangestudio.com","http://www.orangestudio.com"
"https://groups.drupal.org/node/297953","Midnight Marketing Solutions","",""
"https://groups.drupal.org/node/297813","Proctor & Stevenson","recruitment@proctors.co.uk",""
"https://groups.drupal.org/node/297708","Opsview Ltd","","http://www.ikrut.com/microsite/Microsite.ashx?job_id=8537&cmp_uid=d583f15d-b3bd-..."
"https://groups.drupal.org/node/297698","Leading London Financial Sercives Company ","andrew@scott-merrick.co.uk",""
"https://groups.drupal.org/node/297643","VNRecruitment, Vietnam","mai@vnrecruitment.com","http://www.vnrecruitment.com/jobseeker.php"
"https://groups.drupal.org/node/297638","CivicActions","","http://civicactions.com/jobs/senior_engineer"
"https://groups.drupal.org/node/297548","Mortimer Spinks","",""
"https://groups.drupal.org/node/297508","Rally Software","","http://hire.jobvite.com/j/?cj=ot6rXfwH&s=DBUG"
"https://groups.drupal.org/node/297463","Chesapeake HR Services","",""
"https://groups.drupal.org/node/297353","Monkii","careers@monkii.com.au",""
"https://groups.drupal.org/node/297303","LocalVox Media","","https://groups.drupal.org/node/303283"
"https://groups.drupal.org/node/297238","Hyatt Leader","",""
"https://groups.drupal.org/node/297073","LMD","","http://lmdagency.com/"
"https://groups.drupal.org/node/296948","Boston Herald","systems@heraldinteractive.com",""
"https://groups.drupal.org/node/296773","RACOR ","racor@racorsm.com",""
"https://groups.drupal.org/node/296728","ConSol Partners","mike.cain@consolpartners.com",""
"https://groups.drupal.org/node/296718","University of Virginia - CVRC","","https://jobs.virginia.edu"
"https://groups.drupal.org/node/296713","Not disclosed","sreedharprabhu.mca@gmail.com",""
"https://groups.drupal.org/node/296633","mspiral creative media","drupal@mspiral.com","http://mspiral.com/files/uploads/vacancy/2013_05_01_mspiral_senior_drupal_dev_va..."
"https://groups.drupal.org/node/296583","Center for Advanced Engineering and Technology Education","","http://www.jobsatcu.com:80/postings/62805"
"https://groups.drupal.org/node/296563","Open Select Recruitment / 0207 183 3541 / joel@osrecruit.com","joel@osrecruit.com",""
"https://groups.drupal.org/node/296548","Penn State Harrisburg","","https://app2.ohr.psu.edu/Jobs/External/EVMS2_External/currentap1.cfm#39204"
"https://groups.drupal.org/node/296498","CDI Corporation","judy.schreck@cdicorp.com",""
"https://groups.drupal.org/node/296443","IBT media","ibtdrupaljobs@gmail.com","http://www.ibtimes.com/"
"https://groups.drupal.org/node/296423","NVIDIA","arexinger@nvidia.com",""
"https://groups.drupal.org/node/296323","Drupal 7 Themer | Questex Media Group","wmerchan@questex.com","http://www.questex.com"
"https://groups.drupal.org/node/296308","Taoti Creative","hello@taoti.com","http://www.worldjusticeproject.org/),"
"https://groups.drupal.org/node/296278","Drupal Click","","http://drupalclick.com"
"https://groups.drupal.org/node/296228","Careeradex","","https://www.smartrecruiters.com/CareeradexIsHiring/71287664-drupal-programmer-de..."
"https://groups.drupal.org/node/296083","NJI Media","","http://njimedia.com/careers/"
"https://groups.drupal.org/node/296053","Mortimer Spinks","",""
"https://groups.drupal.org/node/296028","Theoris IT Services","",""
"https://groups.drupal.org/node/295958","Hathway","jobs@wearehathway.com","http://www.wearehathway.com/jobs"
"https://groups.drupal.org/node/295943","AT-Tech ","",""
"https://groups.drupal.org/node/295858","Могучи web studio","",""
"https://groups.drupal.org/node/295673","FP Creative","careers@fpcreative.com","http://lnkd.in/fFnqjW"
"https://groups.drupal.org/node/295658","Kampala, Uganda | Mountbatten Ltd.","reinier.battenberg@mountbatten.net","http://drupal.org/user/2696"
"https://groups.drupal.org/node/295573","Essential Resources","alexs@essentialresources.net",""
"https://groups.drupal.org/node/295568","SYSWARE","","http://www.sysware.ca"
"https://groups.drupal.org/node/295518","Insomniac Design","hr@insomniacdesign.com",""
"https://groups.drupal.org/node/295513","Blenderbox","jobs@blenderbox.com",""
"https://groups.drupal.org/node/295503","TechAspect Solutions Inc","muzaferuddinm@techaspect.com",""
"https://groups.drupal.org/node/295498","Clarion Technologies Pvt Ltd","ashutosh.kumar@clariontechnologies.co.in",""
"https://groups.drupal.org/node/295383","Creative Agency","ryan.adams@consolpartners.com",""
"https://groups.drupal.org/node/295248","Accenture ","barbara.peters@accenture.com","http://www.bullhornreach.com/job/757668_accenture-emerging-technology-innovation..."
"https://groups.drupal.org/node/295233","Accenture ","barbara.peters@accenture.com","http://www.bullhornreach.com/job/757668_accenture-emerging-technology-innovation..."
"https://groups.drupal.org/node/295228","Clearspire","","http://www.clearspire.com"
"https://groups.drupal.org/node/295183","TechAspect Solutions Inc","muzaferuddinm@techaspect.com",""
"https://groups.drupal.org/node/295003","Drupal Civi Dev","",""
"https://groups.drupal.org/node/294958","Art Imitating Life Clothing","80sIntrovert@ailclothing.com","http://ailclothing.com"
"https://groups.drupal.org/node/294953","New Target, Inc.","resumes@newtarget.com","http://www.newtarget.com"
"https://groups.drupal.org/node/294948","New Target, Inc.","resumes@newtarget.com","http://www.newtarget.com"
"https://groups.drupal.org/node/294923","Launch.it","","http://bit.ly/EurekaParkPartnership"
"https://groups.drupal.org/node/294908","CyberCoders","",""
"https://groups.drupal.org/node/294903","Cybercoders","","http://www.cybercoders.com/job/details/111698/"
"https://groups.drupal.org/node/294888","TechAspect Solutions Inc","muzaferuddinm@techaspect.com",""
"https://groups.drupal.org/node/294858","GP Strategies Corporation","","https://ch.tbe.taleo.net/CH17/ats/careers/requisition.jsp?org=GPWORLDWIDE&cws=1&..."
"https://groups.drupal.org/node/294853","GP Strategies Corporation","","https://ch.tbe.taleo.net/CH17/ats/careers/requisition.jsp?org=GPWORLDWIDE&cws=1&..."
"https://groups.drupal.org/node/294543","TechAspect Solutions Inc","muzaferuddinm@techaspect.com",""
"https://groups.drupal.org/node/294508","Sol Design Company","","http://www.linkedin.com/jobs?viewJob=&jobId=5346382&trk=job_nov"
"https://groups.drupal.org/node/294493","Demotix.com","jobs@demotix.com","http://www.demotix.com/blog/shout/1596138/demotix-acquired-by-corbis"
"https://groups.drupal.org/node/294398","Net Impact","","http://bit.ly/ZVSeqf"
"https://groups.drupal.org/node/294373","Editors' Association of Canada","","http://www.editors.ca"
"https://groups.drupal.org/node/294338","CFY","jobs@cfy.org","http://cfy.org"
"https://groups.drupal.org/node/294318","TechAspect Solutions Inc","muzaferuddinm@techaspect.com",""
"https://groups.drupal.org/node/294268","Tech Comp- Edinburgh","neil.horne@consolpartners.com",""
"https://groups.drupal.org/node/294258","Trigyn Technology","ujwala.patade@trigyn.com","http://www.trigyn.com"
"https://groups.drupal.org/node/294208","University of Arizona - Arizona Research Labs","","http://www.uacareertrack.com/applicants/Central?quickFind=207816"
"https://groups.drupal.org/node/294198","OSJ","","http://osjobs.wordpress.com"
"https://groups.drupal.org/node/294183","Aristotle Inc.","","http://www.aristotle.net/employment/?id=9"
"https://groups.drupal.org/node/294173","Moving Interactive, Inc. ","ted.kubach@movinginteractive.com","http://www.movinginteractive.com"
"https://groups.drupal.org/node/294163","Auxano Technologies Pvt. Ltd.","r.savaskar@auxanotech.com",""
"https://groups.drupal.org/node/294158","NVIDIA Corp","","http://careers.nvidia.com/pljb/global_jsp/applicant/DisplayJob/JobDetails.jsp?di..."
"https://groups.drupal.org/node/294118","TechAspect Solutions Inc","muzaferuddinm@techaspect.com",""
"https://groups.drupal.org/node/294108","Marketing Director at Large","joannestarks@gmail.com",""
"https://groups.drupal.org/node/294088","Opsview Ltd","","http://www.ikrut.com/microsite/Microsite.ashx?job_id=8537&cmp_uid=d583f15d-b3bd-..."
"https://groups.drupal.org/node/294083","DK Technologies","mhodge@dktechinc.com",""
"https://groups.drupal.org/node/294028","PCMS","",""
"https://groups.drupal.org/node/294008","Videomaker Inc.","jobs@videomaker.com","http://www.chicochamber.com/"
"https://groups.drupal.org/node/293968","The Jewish Week","hannahbatbrona@yahoo.com",""
"https://groups.drupal.org/node/293953","The Ohio State University","","http://www.linkedin.com/jobs?viewJob=&jobId=5271891"
"https://groups.drupal.org/node/293918","TechAspect Solutions Inc","muzaferuddinm@techaspect.com",""
"https://groups.drupal.org/node/293863","ArchSmart","firman36227@mypacks.net",""
"https://groups.drupal.org/node/293858","ArchSmart","firman36227@mypacks.net",""
"https://groups.drupal.org/node/293848","ArchSmart","firman36227@mypacks.net",""
"https://groups.drupal.org/node/293843","ArchSmart","firman36227@mypacks.net",""
"https://groups.drupal.org/node/293833","LocalVox Media","",""
"https://groups.drupal.org/node/293588","GP Strategies Corporation","","https://ch.tbe.taleo.net/CH17/ats/careers/requisition.jsp?org=GPWORLDWIDE&cws=1&..."
"https://groups.drupal.org/node/293528","USGS","","http://www.comso.com/Jobs/drupal-developer/999f"
"https://groups.drupal.org/node/293518","Ohmsoftware","jobs@ohmsoftwareinc.com",""
"https://groups.drupal.org/node/293498","Socha Dev","jobs@sochadev.com","http://www.sochadev.com"
"https://groups.drupal.org/node/293293","ePageCity","resumes@epagecity.com",""
"https://groups.drupal.org/node/293268","Arizona State University","","https://www.asu.edu/go/employment/?auth=guest&jobid=30632&SiteId=1&Posti..."
"https://groups.drupal.org/node/293223","Tech Comp- Edinburgh ","ryan.adams@consolpartners.com",""
"https://groups.drupal.org/node/293203","AT-Tech ","",""
"https://groups.drupal.org/node/293193","POWTEC","hr@powtec.com",""
"https://groups.drupal.org/node/293188","CILIP","chris.bacon@cilip.org.uk","http://www.cilip.org.uk"
"https://groups.drupal.org/node/293143","Saski Consulting pvt Ltd","chreddy148@gmail.com",""
"https://groups.drupal.org/node/293113","KAS Australia","belinda.campo@kasasutralia.com.au",""
"https://groups.drupal.org/node/293098","KAS Australia","belinda.campo@kasasutralia.com.au",""
"https://groups.drupal.org/node/293078","Acquia","michael.brown@acquia.com","https://www.acquia.com/careers/open-positions?gnk=job&gni=8ad64ec63de48a2c013dea..."
"https://groups.drupal.org/node/292988","Project One, Inc.","mailto:szander@project1.com",""
"https://groups.drupal.org/node/292968","GP Strategies Corporation","","https://ch.tbe.taleo.net/CH17/ats/careers/requisition.jsp?org=GPWORLDWIDE&cws=1&..."
"https://groups.drupal.org/node/292903","Park Hudson International","",""
"https://groups.drupal.org/node/292878","C","",""
"https://groups.drupal.org/node/292858","GLOBONET GmbH","personal@globonet.ch","http://www.globonet.ch"
"https://groups.drupal.org/node/292828","Sirius Technology","ltommasini@siriustechnology.com.au",""
"https://groups.drupal.org/node/292813","Sirius Technology","ltommasini@siriustechnology.com.au",""
"https://groups.drupal.org/node/292808","Sirius Technology","ltommasini@siriustechnology.com.au",""
"https://groups.drupal.org/node/292788","Arizona State University","","https://www.asu.edu/go/employment/?auth=guest&jobid=30571&SiteId=1&Posti..."
"https://groups.drupal.org/node/292708","University of Illinois at Urbana-Champaign","anissac@illinois.edu","https://jobs.illinois.edu"
"https://groups.drupal.org/node/292688","Hyatt Leader","hyattleader@outlook.com",""
"https://groups.drupal.org/node/292678","HUSS","katrin.levin@hussberlin.de",""
"https://groups.drupal.org/node/292673","Startup","",""
"https://groups.drupal.org/node/292668","Need 5 Drupal developers Urgently","anirban.samanta.mt@gmail.com",""
"https://groups.drupal.org/node/292643","GLOBONET GmbH","personal@globonet.ch","http://www.globonet.ch"
"https://groups.drupal.org/node/292343","Susumu","jobs@susumu.co.uk",""
"https://groups.drupal.org/node/292338","SquareOne Resources","oana.etcu@squareoneresources.com",""
"https://groups.drupal.org/node/292263","UPC-Exchange.com","","http://drupal.org/project/marc"
"https://groups.drupal.org/node/292238","Kony","","http://www.kony.com/content/drupal-team-lead"
"https://groups.drupal.org/node/292113","The Advantage Companies","sean@advantage-companies.com","http://www.advantage-companies.com)"
"https://groups.drupal.org/node/292048","ecareer","paul.koch@ecareer.com.au",""
"https://groups.drupal.org/node/291983","NorthPoint Solutions","","http://www.northps.com/careers"
"https://groups.drupal.org/node/291973","Caxy Interactive ","","http://www.caxy.com/web/php_developer.php"
"https://groups.drupal.org/node/291968","Withheld","dcdrupalphpdevelopers@gmail.com",""
"https://groups.drupal.org/node/291953","Clovis","james.dever@clovisgroup.com",""
"https://groups.drupal.org/node/291853","Blonde Digital","devjobs@blonde.net","http://www.blonde.net"
"https://groups.drupal.org/node/291848","Blonde Digital","devjobs@blonde.net","http://www.blonde.net"
"https://groups.drupal.org/node/291828","Global Vision Technology","sales@global-visiontech.com","http://www.global-visiontech.com."
"https://groups.drupal.org/node/291723","Taoti Creative","hello@taoti.com","http://www.worldjusticeproject.org/),"
"https://groups.drupal.org/node/291613","HUSS","katrin.levin@hussberlin.de",""
"https://groups.drupal.org/node/291338","StudentSphere","alockhead@studentsphere.ca",""
"https://groups.drupal.org/node/291183","Random42","hugo@random42.com","http://www.random42.com"
"https://groups.drupal.org/node/291113","Harvard University","catherine_cavanaugh@harvard.edu","http://www.harvard.edu),"
"https://groups.drupal.org/node/290833","WestStar Multimedia Entertainment, Inc.","programmer.job+php-back@komando.com","http://www.komando.com/jobs/php-programmer-back-job-descr-2012-12.asp"
"https://groups.drupal.org/node/290828","TechAspect Solutions Inc","muzaferm@techaspect.com",""
"https://groups.drupal.org/node/290563","Imagine Creativity","","http://uk.linkedin.com/in/chandeep/"
"https://groups.drupal.org/node/290533","","",""
"https://groups.drupal.org/node/290528","FC USA","",""
"https://groups.drupal.org/node/290503","TRICENTIS","","https://tricentis.taloom.de/cms/en/career/jobs/job-detailansicht/?jobDbId=68555&..."
"https://groups.drupal.org/node/290488","Harvard University","","http://huit.harvard.edu/)"
"https://groups.drupal.org/node/290408","Impact 360","Nathan.laidlaw@impact-360.co.uk",""
"https://groups.drupal.org/node/290398","WEB Paradigm, LLC","",""
"https://groups.drupal.org/node/290383","iksula","jobs@iksula.com","http://www.iksula.com"
"https://groups.drupal.org/node/290363","VNRecruitment, Vietnam","","http://www.vnrecruitment.com/job.php?id=1550"
"https://groups.drupal.org/node/290348","MMDA","rh@mmda.com.br",""
"https://groups.drupal.org/node/290258","Corning Museum of Glass","sharrettsdc@cmog.org","http://www.cmog.org/employment-opportunity/web-developer"
"https://groups.drupal.org/node/290203","","",""
"https://groups.drupal.org/node/289868","NYU Wagner","","http://wagner.nyu.edu/contact/case.php"
"https://groups.drupal.org/node/289758","Project One, Inc.","mailto:szander@project1.com",""
"https://groups.drupal.org/node/289678","Michael Anthony Associates, Inc.","manthony@maainc.com",""
"https://groups.drupal.org/node/289603","Longsight, Inc.","search@longsight.com",""
"https://groups.drupal.org/node/289558","Intellswift Software India Pvt Ltd","jyoti.kumari@intelliswift.com","http://www.intelliswift.com/"
"https://groups.drupal.org/node/289548","Pyramid Consulting","duy.tran@vn.pyramid-consulting.com","http://www.pyramid-consulting.com/jobs"
"https://groups.drupal.org/node/289488","Mentor Graphics","","http://ch.tbe.taleo.net/CH08/ats/careers/requisition.jsp?org=MENTOR&cws=1&rid=14..."
"https://groups.drupal.org/node/289468","Harvard University","","http://huit.harvard.edu/)"
"https://groups.drupal.org/node/289433","Caspian One","","https://www.jobserve.com/gb/en/search-jobs-in-London,-London,-United-Kingdom/SEN..."
"https://groups.drupal.org/node/289228","Grassroot Technologies","",""
"https://groups.drupal.org/node/289153","BioRAFT","","http://www.bioraft.com/careers"
"https://groups.drupal.org/node/289138","NorthPoint Solutions","sgranda@northps.com","http://www.northps.com/careers"
"https://groups.drupal.org/node/289043","IBT Media","","http://www.ibtimes.com/"
"https://groups.drupal.org/node/289008","Big Couch Media Group, LLC.","jobs@bigcouchmedia.com","http://drupal.org/coding-standards"
"https://groups.drupal.org/node/288968","Paralucent","careers@paralucent.com","http://www.paralucent.com"
"https://groups.drupal.org/node/288933","Compu-Vision","shane@compuvis.com",""
"https://groups.drupal.org/node/288878","Taoti Creative","hello@taoti.com","http://www.worldjusticeproject.org/),"
"https://groups.drupal.org/node/288843","NextGen Infotech Pvt Ltd.","tanujas@nextgeninfotech.co.in",""
"https://groups.drupal.org/node/288783","Greenhorn Connect","",""
"https://groups.drupal.org/node/288623","Auriga Group","eva@yogauonline.com",""
"https://groups.drupal.org/node/288423","KForce","eberube@kforce.com","https://groups.drupal.org/eberube%40kforce.com"
"https://groups.drupal.org/node/288418","Non-Profit Organization","creino@kforce.com",""
"https://groups.drupal.org/node/288383","Confidential","",""
"https://groups.drupal.org/node/288353","Large International Organization (Diplomacy)","","http://www.dice.com/jobsearch/servlet/JobSearch?op=302&dockey=xml/5/b/5b..."
"https://groups.drupal.org/node/288323","Altech Autopage (Midrand)","MHaupt@autopage.altech.co.za",""
"https://groups.drupal.org/node/288223","Harvard","","http://www.harvard.edu),"
"https://groups.drupal.org/node/288208","Taoti Creative","hello@taoti.com","http://www.worldjusticeproject.org/),"
"https://groups.drupal.org/node/288163","-confidential-","cbhoo@cox.net",""
"https://groups.drupal.org/node/288138","Clearspire","","http://www.clearspire.com"
"https://groups.drupal.org/node/288048","ITR","sald@ittechies.com",""
"https://groups.drupal.org/node/287988","Nextgen Infotech","tanuja@nextgeninfotech.co.in","http://www.nextgeninfotech.in"
"https://groups.drupal.org/node/287918","BEA Enterprises, Inc.","don@bea-enterprises.com",""
"https://groups.drupal.org/node/287903","Taoti Creative","hello@taoti.com","http://www.worldjusticeproject.org/),"
"https://groups.drupal.org/node/287873","Sustainable Conservation","",""
"https://groups.drupal.org/node/287833","WestStar Multimedia Entertainment, Inc.","programmer.job+php-back@komando.com","http://www.komando.com/jobs/php-programmer-back-job-descr-2012-12.asp"
"https://groups.drupal.org/node/287803","Palantir.net","","http://www.palantir.net/about/engineer"
"https://groups.drupal.org/node/287793","Aten Design Group","work@atendesigngroup.com",""
"https://groups.drupal.org/node/287763","Austin Peay State University","","https://apsu.peopleadmin.com/postings/3503"
"https://groups.drupal.org/node/287728","C4Media","dionysios@c4media.com",""
"https://groups.drupal.org/node/287658","The Creative Group","ali.thibault@creativegroup.com",""
"https://groups.drupal.org/node/287638","Moving Interactive ","",""
"https://groups.drupal.org/node/287543","Boston MA | NorthPoint Solutions","sgranda@northps.com","http://www.northps.com/careers"
"https://groups.drupal.org/node/287428","Robert Walters Vietnam","hieu.nguyen@robertwalters.com.vn",""